"VMHost","DVSwitch","DeviceName","MAC"
"copq-vs01.fanatics.corp","dvSwitch-COPQ_iSCSI","vmnic7","00:1b:21:5e:fe:55"
"copq-vs01.fanatics.corp","dvSwitch-COPQ_Trunk","vmnic0","78:2b:cb:13:db:70"
"copq-vs01.fanatics.corp","dvSwitch-COPQ_iSCSI","vmnic1","78:2b:cb:13:db:72"
"copq-vs01.fanatics.corp","dvSwitch-COPQ_Trunk","vmnic6","00:1b:21:5e:fe:54"
"copq-vs02.fanatics.corp","dvSwitch-COPQ_iSCSI","vmnic1","78:2b:cb:14:0e:13"
"copq-vs02.fanatics.corp","dvSwitch-COPQ_Trunk","vmnic6","00:1b:21:64:b9:b4"
"copq-vs02.fanatics.corp","dvSwitch-COPQ_iSCSI","vmnic7","00:1b:21:64:b9:b5"
"copq-vs02.fanatics.corp","dvSwitch-COPQ_Trunk","vmnic0","78:2b:cb:14:0e:11"
"devqc-vs02.ff.p10","dvSwitch-DEVQC_CNA_Trunk","vmnic7","00:0e:1e:36:87:34"
"devqc-vs02.ff.p10","dvSwitch-DEVQC_CNA_Trunk","vmnic6","00:0e:1e:36:87:30"
"devqc-vs02.ff.p10","dvSwitch-DevQC-Stacks Trunk","vmnic0","84:2b:2b:6f:6a:a1"
"devqc-vs02.ff.p10","dvSwitch-DevQC-Stacks Trunk","vmnic1","84:2b:2b:6f:6a:a3"
"devqc-vs03.ff.p10","dvSwitch-DEVQC_CNA_Trunk","vmnic6","00:0e:1e:0c:db:38"
"devqc-vs03.ff.p10","dvSwitch-DEVQC_CNA_Trunk","vmnic7","00:0e:1e:0c:db:3c"
"devqc-vs03.ff.p10","dvSwitch-DevQC-Stacks Trunk","vmnic1","84:2b:2b:6f:6d:38"
"devqc-vs03.ff.p10","dvSwitch-DevQC-Stacks Trunk","vmnic0","84:2b:2b:6f:6d:36"
"devqc-vs04.ff.p10","dvSwitch-DevQC-Stacks Trunk","vmnic0","84:2b:2b:51:05:3a"
"devqc-vs04.ff.p10","dvSwitch-DEVQC_CNA_Trunk","vmnic9","00:0e:1e:06:e8:ac"
"devqc-vs04.ff.p10","dvSwitch-DevQC-Stacks Trunk","vmnic1","84:2b:2b:51:05:3c"
"devqc-vs04.ff.p10","dvSwitch-DEVQC_CNA_Trunk","vmnic8","00:0e:1e:06:e8:a8"
"devqc-vs05.ff.p10","dvSwitch-DevQC-Stacks Trunk","vmnic1","84:2b:2b:4a:94:d6"
"devqc-vs05.ff.p10","dvSwitch-DEVQC_CNA_Trunk","vmnic4","00:0e:1e:0c:de:10"
"devqc-vs05.ff.p10","dvSwitch-DevQC-Stacks Trunk","vmnic0","84:2b:2b:4a:94:d4"
"devqc-vs05.ff.p10","dvSwitch-DEVQC_CNA_Trunk","vmnic5","00:0e:1e:0c:de:14"
"devqc-vs06.ff.p10","dvSwitch-DEVQC_CNA_Trunk","vmnic7","00:0e:1e:32:1f:14"
"devqc-vs06.ff.p10","dvSwitch-DevQC-Stacks Trunk","vmnic1","84:2b:2b:4a:92:ea"
"devqc-vs06.ff.p10","dvSwitch-DevQC-Stacks Trunk","vmnic0","84:2b:2b:4a:92:e8"
"devqc-vs06.ff.p10","dvSwitch-DEVQC_CNA_Trunk","vmnic6","00:0e:1e:32:1f:10"
"devqc-vs07.ff.p10","dvSwitch-DEVQC_CNA_Trunk","vmnic7","00:0e:1e:0d:18:0c"
"devqc-vs07.ff.p10","dvSwitch-DEVQC_CNA_Trunk","vmnic6","00:0e:1e:0d:18:08"
"devqc-vs07.ff.p10","dvSwitch-DevQC-Stacks Trunk","vmnic1","84:2b:2b:4a:95:94"
"devqc-vs07.ff.p10","dvSwitch-DevQC-Stacks Trunk","vmnic0","84:2b:2b:4a:95:92"
devqc-vs01.ff.p10,dvSwitch-DevQC-Stacks Trunk,vmnic0,84:2b:2b:6f:6d:66
devqc-vs01.ff.p10,dvSwitch-DevQC-Stacks Trunk,vmnic1,Manual
devqc-vs01.ff.p10,dvSwitch-DEVQC_CNA_Trunk,vmnic7,00:0e:1e:36:87:5c
devqc-vs01.ff.p10,dvSwitch-DEVQC_CNA_Trunk,vmnic6,Manual
"fakw-vs01.fanatics.corp","dvSwitch-FAKW_Trunk","vmnic2","d4:ae:52:8e:f2:18"
"fakw-vs01.fanatics.corp","dvSwitch-FAKW_Trunk","vmnic5","00:15:17:e3:f7:04"
"fakw-vs01.fanatics.corp","dvSwitch-FAKW_Trunk","vmnic6","00:15:17:e3:f7:07"
"fakw-vs01.fanatics.corp","dvSwitch-FAKW_iSCSI","vmnic4","00:15:17:e3:f7:05"
"fakw-vs01.fanatics.corp","dvSwitch-FAKW_iSCSI","vmnic3","d4:ae:52:8e:f2:1a"
"fakw-vs02.fanatics.corp","dvSwitch-FAKW_Trunk","vmnic4","00:15:17:e3:fa:35"
"fakw-vs02.fanatics.corp","dvSwitch-FAKW_Trunk","vmnic5","00:15:17:e3:fa:34"
"fakw-vs02.fanatics.corp","dvSwitch-FAKW_Trunk","vmnic6","00:15:17:e3:fa:37"
"fakw-vs02.fanatics.corp","dvSwitch-FAKW_iSCSI","vmnic2","d4:ae:52:8e:d8:97"
"fakw-vs02.fanatics.corp","dvSwitch-FAKW_iSCSI","vmnic3","d4:ae:52:8e:d8:99"
"fakw-vs03.fanatics.corp","dvSwitch-FAKW_Trunk","vmnic6","00:15:17:e3:f7:5f"
"fakw-vs03.fanatics.corp","dvSwitch-FAKW_iSCSI","vmnic3","d4:ae:52:8c:66:a6"
"fakw-vs03.fanatics.corp","dvSwitch-FAKW_iSCSI","vmnic4","00:15:17:e3:f7:5d"
"fakw-vs03.fanatics.corp","dvSwitch-FAKW_Trunk","vmnic5","00:15:17:e3:f7:5c"
"fakw-vs03.fanatics.corp","dvSwitch-FAKW_Trunk","vmnic2","d4:ae:52:8c:66:a4"
"frow-vs01.fanatics.corp","dvSwitch-FROW-Trunk","vmnic3","90:b1:1c:21:93:75"
"frow-vs01.fanatics.corp","dvSwitch-FROW-Trunk","vmnic2","90:b1:1c:21:93:73"
"frow-vs01.fanatics.corp","dvSwitch-FROW_iSCSI","vmnic5","00:15:17:e3:fa:b0"
"frow-vs01.fanatics.corp","dvSwitch-FROW_iSCSI","vmnic4","00:15:17:e3:fa:b1"
"frow-vs02.fanatics.corp","dvSwitch-FROW-Trunk","vmnic3","90:b1:1c:21:a3:31"
"frow-vs02.fanatics.corp","dvSwitch-FROW-Trunk","vmnic2","90:b1:1c:21:a3:2f"
"frow-vs02.fanatics.corp","dvSwitch-FROW_iSCSI","vmnic5","00:15:17:e3:f7:58"
"frow-vs02.fanatics.corp","dvSwitch-FROW_iSCSI","vmnic4","00:15:17:e3:f7:59"
"frow-vs03.fanatics.corp","dvSwitch-FROW-Trunk","vmnic3","90:b1:1c:19:92:9f"
"frow-vs03.fanatics.corp","dvSwitch-FROW-Trunk","vmnic2","90:b1:1c:19:92:9d"
"frow-vs03.fanatics.corp","dvSwitch-FROW_iSCSI","vmnic5","00:15:17:e3:f7:60"
"frow-vs03.fanatics.corp","dvSwitch-FROW_iSCSI","vmnic4","00:15:17:e3:f7:61"
"ftfq-vs01.fanatics.corp","dvSwitch-FTFQ_Trunk_iSCSI","vmnic1","00:1e:c9:4d:c7:19"
"ftfq-vs01.fanatics.corp","dvSwitch-FTFQ_Trunk_iSCSI","vmnic0","00:1e:c9:4d:c7:17"
"ftfq-vs02.fanatics.corp","dvSwitch-FTFQ_Trunk_iSCSI","vmnic0","00:1c:23:c0:94:d3"
"ftfq-vs02.fanatics.corp","dvSwitch-FTFQ_Trunk_iSCSI","vmnic1","00:1c:23:c0:94:d5"
"jaxf-vs01.fanatics.corp","dvSwitch-JAXF_Trunk","vmnic5","00:0e:1e:32:1f:2c"
"jaxf-vs01.fanatics.corp","dvSwitch-JAXF_Trunk","vmnic4","00:0e:1e:32:1f:28"
"jaxf-vs02.fanatics.corp","dvSwitch-JAXF_Trunk","vmnic4","00:0e:1e:0e:0d:c0"
"jaxf-vs02.fanatics.corp","dvSwitch-JAXF_Trunk","vmnic5","00:0e:1e:0e:0d:c4"
"jax-ntnx01a.ff.p10","dvSwitch-JAX CNA Trunk","vmnic1","0c:c4:7a:1e:80:d5"
"jax-ntnx01a.ff.p10","dvSwitch-JAX CNA Trunk","vmnic0","0c:c4:7a:1e:80:d4"
"jax-ntnx01b.ff.p10","dvSwitch-JAX CNA Trunk","vmnic0","0c:c4:7a:1e:7e:ee"
"jax-ntnx01b.ff.p10","dvSwitch-JAX CNA Trunk","vmnic1","0c:c4:7a:1e:7e:ef"
"jax-ntnx01c.ff.p10","dvSwitch-JAX CNA Trunk","vmnic1","0c:c4:7a:1e:84:71"
"jax-ntnx01c.ff.p10","dvSwitch-JAX CNA Trunk","vmnic0","0c:c4:7a:1e:84:70"
"jax-ntnx01d.ff.p10","dvSwitch-JAX CNA Trunk","vmnic0","0c:c4:7a:1e:7b:38"
"jax-ntnx01d.ff.p10","dvSwitch-JAX CNA Trunk","vmnic1","0c:c4:7a:1e:7b:39"
"jax-ntnx02a.ff.p10","dvSwitch-JAX CNA Trunk","vmnic1","0c:c4:7a:1e:7d:25"
"jax-ntnx02a.ff.p10","dvSwitch-JAX CNA Trunk","vmnic0","0c:c4:7a:1e:7d:24"
"jax-ntnx02b.ff.p10","dvSwitch-JAX CNA Trunk","vmnic1","0c:c4:7a:1e:7d:79"
"jax-ntnx02b.ff.p10","dvSwitch-JAX CNA Trunk","vmnic0","0c:c4:7a:1e:7d:78"
"jax-ntnx02c.ff.p10","dvSwitch-JAX CNA Trunk","vmnic1","0c:c4:7a:1e:7d:2f"
"jax-ntnx02c.ff.p10","dvSwitch-JAX CNA Trunk","vmnic0","0c:c4:7a:1e:7d:2e"
"jax-ntnx02d.ff.p10","dvSwitch-JAX CNA Trunk","vmnic1","0c:c4:7a:1e:7d:0d"
"jax-ntnx02d.ff.p10","dvSwitch-JAX CNA Trunk","vmnic0","0c:c4:7a:1e:7d:0c"
"jax-vs01.ff.p10","dvSwitch-JAX CNA Trunk","vmnic5","00:0e:1e:06:ee:d4"
"jax-vs01.ff.p10","dvSwitch-JAX CNA Trunk","vmnic6","00:0e:1e:06:f4:f0"
"jax-vs01.ff.p10","dvSwitch-JAX CNA Trunk","vmnic7","00:0e:1e:06:f4:f4"
"jax-vs01.ff.p10","dvSwitch-JAX CNA Trunk","vmnic4","00:0e:1e:06:ee:d0"
"jax-vs02.ff.p10","dvSwitch-JAX CNA Trunk","vmnic4","00:0e:1e:06:f4:50"
"jax-vs02.ff.p10","dvSwitch-JAX CNA Trunk","vmnic6","00:0e:1e:06:ea:50"
"jax-vs02.ff.p10","dvSwitch-JAX CNA Trunk","vmnic5","00:0e:1e:06:f4:54"
"jax-vs02.ff.p10","dvSwitch-JAX CNA Trunk","vmnic7","00:0e:1e:06:ea:54"
"jax-vs03.ff.p10","dvSwitch-JAX CNA Trunk","vmnic5","00:0e:1e:06:f0:3c"
"jax-vs03.ff.p10","dvSwitch-JAX CNA Trunk","vmnic4","00:0e:1e:06:f0:38"
"jax-vs03.ff.p10","dvSwitch-JAX CNA Trunk","vmnic7","00:0e:1e:06:f0:94"
"jax-vs03.ff.p10","dvSwitch-JAX CNA Trunk","vmnic6","00:0e:1e:06:f0:90"
"jax-vs04.ff.p10","dvSwitch-JAX CNA Trunk","vmnic6","00:0e:1e:0e:0e:c0"
"jax-vs04.ff.p10","dvSwitch-JAX CNA Trunk","vmnic7","00:0e:1e:0e:0e:c4"
"jax-vs04.ff.p10","dvSwitch-JAX CNA Trunk","vmnic5","00:0e:1e:0c:dd:14"
"jax-vs04.ff.p10","dvSwitch-JAX CNA Trunk","vmnic4","00:0e:1e:0c:dd:10"
"jax-vs05.ff.p10","dvSwitch-JAX CNA Trunk","vmnic5","00:0e:1e:06:f3:bc"
"jax-vs05.ff.p10","dvSwitch-JAX CNA Trunk","vmnic4","00:0e:1e:06:f3:b8"
"jax-vs05.ff.p10","dvSwitch-JAX CNA Trunk","vmnic6","00:0e:1e:0e:0e:28"
"jax-vs05.ff.p10","dvSwitch-JAX CNA Trunk","vmnic7","00:0e:1e:0e:0e:2c"
"jax-vs06.ff.p10","dvSwitch-JAX CNA Trunk","vmnic6","00:0e:1e:0f:4f:d0"
"jax-vs06.ff.p10","dvSwitch-JAX CNA Trunk","vmnic5","00:0e:1e:0e:ac:74"
"jax-vs06.ff.p10","dvSwitch-JAX CNA Trunk","vmnic4","00:0e:1e:0e:ac:70"
"jax-vs06.ff.p10","dvSwitch-JAX CNA Trunk","vmnic7","00:0e:1e:0f:4f:d4"
"jax-vs07.ff.p10","dvSwitch-JAX CNA Trunk","vmnic6","00:0e:1e:0e:ae:e8"
"jax-vs07.ff.p10","dvSwitch-JAX CNA Trunk","vmnic7","00:0e:1e:0e:ae:ec"
"jax-vs07.ff.p10","dvSwitch-JAX CNA Trunk","vmnic4","00:0e:1e:0e:af:38"
"jax-vs07.ff.p10","dvSwitch-JAX CNA Trunk","vmnic5","00:0e:1e:0e:af:3c"
"jax-vs08.ff.p10","dvSwitch-JAX CNA Trunk","vmnic6","00:0e:1e:0e:ae:f0"
"jax-vs08.ff.p10","dvSwitch-JAX CNA Trunk","vmnic4","00:0e:1e:0e:b0:98"
"jax-vs08.ff.p10","dvSwitch-JAX CNA Trunk","vmnic7","00:0e:1e:0e:ae:f4"
"jax-vs08.ff.p10","dvSwitch-JAX CNA Trunk","vmnic5","00:0e:1e:0e:b0:9c"
"jax-vs09.ff.p10","dvSwitch-JAX CNA Trunk","vmnic5","00:0e:1e:0e:af:dc"
"jax-vs09.ff.p10","dvSwitch-JAX CNA Trunk","vmnic4","00:0e:1e:0e:af:d8"
"jax-vs09.ff.p10","dvSwitch-JAX CNA Trunk","vmnic6","00:0e:1e:0e:ae:58"
"jax-vs09.ff.p10","dvSwitch-JAX CNA Trunk","vmnic7","00:0e:1e:0e:ae:5c"
"jax-vs10.ff.p10","dvSwitch-JAX CNA Trunk","vmnic7","00:0e:1e:0e:a7:2c"
"jax-vs10.ff.p10","dvSwitch-JAX CNA Trunk","vmnic6","00:0e:1e:0e:a7:28"
"jax-vs10.ff.p10","dvSwitch-JAX CNA Trunk","vmnic5","00:0e:1e:0e:af:b4"
"jax-vs10.ff.p10","dvSwitch-JAX CNA Trunk","vmnic4","00:0e:1e:0e:af:b0"
"jax-vs11.ff.p10","dvSwitch-JAX CNA Trunk","vmnic6","00:0e:1e:33:06:b0"
"jax-vs11.ff.p10","dvSwitch-JAX CNA Trunk","vmnic7","00:0e:1e:33:06:b4"
"jax-vs11.ff.p10","dvSwitch-JAX CNA Trunk","vmnic5","00:0e:1e:33:07:14"
"jax-vs11.ff.p10","dvSwitch-JAX CNA Trunk","vmnic4","00:0e:1e:33:07:10"
"jax-vs12.ff.p10","dvSwitch-JAX CNA Trunk","vmnic5","00:0e:1e:33:0b:cc"
"jax-vs12.ff.p10","dvSwitch-JAX CNA Trunk","vmnic6","00:0e:1e:33:0d:f8"
"jax-vs12.ff.p10","dvSwitch-JAX CNA Trunk","vmnic7","00:0e:1e:33:0d:fc"
"jax-vs12.ff.p10","dvSwitch-JAX CNA Trunk","vmnic4","00:0e:1e:33:0b:c8"
"jax-vs13.ff.p10","dvSwitch-JAX CNA Trunk","vmnic9","00:0e:1e:0c:db:24"
"jax-vs13.ff.p10","dvSwitch-JAX CNA Trunk","vmnic8","00:0e:1e:0c:db:20"
"jax-vs13.ff.p10","dvSwitch-JAX CNA Trunk","vmnic5","00:0e:1e:0c:dd:04"
"jax-vs13.ff.p10","dvSwitch-JAX CNA Trunk","vmnic4","00:0e:1e:0c:dd:00"
"jax-vs14.ff.p10","dvSwitch-JAX CNA Trunk","vmnic4","00:0e:1e:06:e8:b8"
"jax-vs14.ff.p10","dvSwitch-JAX CNA Trunk","vmnic5","00:0e:1e:06:e8:bc"
"jax-vs14.ff.p10","dvSwitch-JAX CNA Trunk","vmnic6","00:0e:1e:06:eb:80"
"jax-vs14.ff.p10","dvSwitch-JAX CNA Trunk","vmnic7","00:0e:1e:06:eb:84"
"jax-vs15.ff.p10","dvSwitch-JAX CNA Trunk","vmnic6","00:0e:1e:33:06:58"
"jax-vs15.ff.p10","dvSwitch-JAX CNA Trunk","vmnic7","00:0e:1e:33:06:5c"
"jax-vs15.ff.p10","dvSwitch-JAX CNA Trunk","vmnic4","00:0e:1e:32:1f:30"
"jax-vs15.ff.p10","dvSwitch-JAX CNA Trunk","vmnic5","00:0e:1e:32:1f:34"
"jax-vs16.ff.p10","dvSwitch-JAX CNA Trunk","vmnic7","00:0e:1e:33:06:54"
"jax-vs16.ff.p10","dvSwitch-JAX CNA Trunk","vmnic4","00:0e:1e:33:05:70"
"jax-vs16.ff.p10","dvSwitch-JAX CNA Trunk","vmnic5","00:0e:1e:33:05:74"
"jax-vs16.ff.p10","dvSwitch-JAX CNA Trunk","vmnic6","00:0e:1e:33:06:50"
"jax-vs17.ff.p10","dvSwitch-JAX CNA Trunk","vmnic5","00:0e:1e:33:0e:74"
"jax-vs17.ff.p10","dvSwitch-JAX CNA Trunk","vmnic6","00:0e:1e:33:07:18"
"jax-vs17.ff.p10","dvSwitch-JAX CNA Trunk","vmnic7","00:0e:1e:33:07:1c"
"jax-vs17.ff.p10","dvSwitch-JAX CNA Trunk","vmnic4","00:0e:1e:33:0e:70"
"jax-vs18.ff.p10","dvSwitch-JAX CNA Trunk","vmnic7","00:0e:1e:33:06:2c"
"jax-vs18.ff.p10","dvSwitch-JAX CNA Trunk","vmnic4","00:0e:1e:33:06:18"
"jax-vs18.ff.p10","dvSwitch-JAX CNA Trunk","vmnic5","00:0e:1e:33:06:1c"
"jax-vs18.ff.p10","dvSwitch-JAX CNA Trunk","vmnic6","00:0e:1e:33:06:28"
"jax-vs19.ff.p10","dvSwitch-JAX CNA Trunk","vmnic5","00:0e:1e:33:05:54"
"jax-vs19.ff.p10","dvSwitch-JAX CNA Trunk","vmnic4","00:0e:1e:33:05:50"
"jax-vs19.ff.p10","dvSwitch-JAX CNA Trunk","vmnic7","00:0e:1e:31:a5:cc"
"jax-vs19.ff.p10","dvSwitch-JAX CNA Trunk","vmnic6","00:0e:1e:31:a5:c8"
"jax-vs20.ff.p10","dvSwitch-JAX CNA Trunk","vmnic5","00:0e:1e:33:0d:c4"
"jax-vs20.ff.p10","dvSwitch-JAX CNA Trunk","vmnic4","00:0e:1e:33:0d:c0"
"jax-vs20.ff.p10","dvSwitch-JAX CNA Trunk","vmnic7","00:0e:1e:32:1f:1c"
"jax-vs20.ff.p10","dvSwitch-JAX CNA Trunk","vmnic6","00:0e:1e:32:1f:18"
"jxfc-vs01.fanatics.corp","dvSwitch-JXFC_iSCSI","vmnic3","00:10:18:7d:29:66"
"jxfc-vs01.fanatics.corp","dvSwitch-JXFC_iSCSI","vmnic2","00:10:18:7d:29:64"
"jxfc-vs01.fanatics.corp","dvSwitch-JXFC-Trunk","vmnic1","00:1c:23:c0:93:af"
"jxfc-vs01.fanatics.corp","dvSwitch-JXFC-Trunk","vmnic0","00:1c:23:c0:93:ad"
"jxfc-vs02.fanatics.corp","dvSwitch-JXFC-Trunk","vmnic0","00:1c:23:c5:28:53"
"jxfc-vs02.fanatics.corp","dvSwitch-JXFC_iSCSI","vmnic3","00:15:17:ea:01:b5"
"jxfc-vs02.fanatics.corp","dvSwitch-JXFC-Trunk","vmnic1","00:1c:23:c5:28:55"
"jxfc-vs02.fanatics.corp","dvSwitch-JXFC_iSCSI","vmnic2","00:15:17:ea:01:b4"
"jxfd-vs01.fanatics.corp","dvSwitch-JXFD_iSCSI","vmnic3","b8:2a:72:d8:24:57"
"jxfd-vs01.fanatics.corp","dvSwitch-JXFD-Trunk","vmnic2","b8:2a:72:d8:24:55"
"jxfd-vs01.fanatics.corp","dvSwitch-JXFD-Trunk","vmnic4","00:1b:21:b6:10:88"
"jxfd-vs01.fanatics.corp","dvSwitch-JXFD_iSCSI","vmnic5","00:1b:21:b6:10:89"
"jxfd-vs02.fanatics.corp","dvSwitch-JXFD_iSCSI","vmnic3","b8:2a:72:d8:0a:f2"
"jxfd-vs02.fanatics.corp","dvSwitch-JXFD-Trunk","vmnic4","00:1b:21:b6:10:96"
"jxfd-vs02.fanatics.corp","dvSwitch-JXFD-Trunk","vmnic2","b8:2a:72:d8:0a:f0"
"jxfd-vs02.fanatics.corp","dvSwitch-JXFD_iSCSI","vmnic5","00:1b:21:b6:10:97"
"jxfq-devqc-vs01.fanatics.corp","dvSwitch-fs-devqc-trunk","vmnic1","00:25:64:fb:77:67"
"jxfq-devqc-vs01.fanatics.corp","dvSwitch-fs-devqc-trunk","vmnic2","00:25:64:fb:77:69"
"jxfq-devqc-vs01.fanatics.corp","dvSwitch-fs-devqc-trunk","vmnic3","00:25:64:fb:77:6b"
"jxfq-devqc-vs01.fanatics.corp","dvSwitch-fs-devqc-trunk","vmnic0","00:25:64:fb:77:65"
"jxfq-devqc-vs02.fanatics.corp","dvSwitch-fs-devqc-trunk","vmnic1","14:fe:b5:cc:55:ec"
"jxfq-devqc-vs02.fanatics.corp","dvSwitch-fs-devqc-trunk","vmnic2","14:fe:b5:cc:55:ee"
"jxfq-devqc-vs02.fanatics.corp","dvSwitch-fs-devqc-trunk","vmnic3","14:fe:b5:cc:55:f0"
"jxfq-devqc-vs02.fanatics.corp","dvSwitch-fs-devqc-trunk","vmnic0","14:fe:b5:cc:55:ea"
"jxfq-vs01.fanatics.corp","dvSwitch-WH CNA Trunk","vmnic6","00:0e:1e:06:ea:78"
"jxfq-vs01.fanatics.corp","dvSwitch-WH CNA Trunk","vmnic7","00:0e:1e:06:ea:7c"
"jxfq-vs01.fanatics.corp","dvSwitch-WH CNA Trunk","vmnic4","00:0e:1e:06:fb:10"
"jxfq-vs01.fanatics.corp","dvSwitch-WH CNA Trunk","vmnic5","00:0e:1e:06:fb:14"
"jxfq-vs02.fanatics.corp","dvSwitch-WH CNA Trunk","vmnic4","00:0e:1e:06:e8:90"
"jxfq-vs02.fanatics.corp","dvSwitch-WH CNA Trunk","vmnic5","00:0e:1e:06:e8:94"
"jxfq-vs02.fanatics.corp","dvSwitch-WH CNA Trunk","vmnic7","00:0e:1e:06:f9:14"
"jxfq-vs02.fanatics.corp","dvSwitch-WH CNA Trunk","vmnic6","00:0e:1e:06:f9:10"
"jxfq-vs03.fanatics.corp","dvSwitch-WH CNA Trunk","vmnic6","00:0e:1e:0d:15:d8"
"jxfq-vs03.fanatics.corp","dvSwitch-WH CNA Trunk","vmnic7","00:0e:1e:0d:15:dc"
"jxfq-vs03.fanatics.corp","dvSwitch-WH CNA Trunk","vmnic4","00:0e:1e:0c:db:40"
"jxfq-vs03.fanatics.corp","dvSwitch-WH CNA Trunk","vmnic5","00:0e:1e:0c:db:44"
"nbiq-vs01.fanatics.corp","dvSwitch-NBIQ_iSCSI","vmnic3","00:1b:78:5b:97:4f"
"nbiq-vs01.fanatics.corp","dvSwitch-NBIQ-Trunk","vmnic0","00:22:19:06:49:11"
"nbiq-vs01.fanatics.corp","dvSwitch-NBIQ_iSCSI","vmnic1","00:22:19:06:49:13"
"nbiq-vs01.fanatics.corp","dvSwitch-NBIQ-Trunk","vmnic2","00:1b:78:5b:97:4e"
"nbiq-vs02.fanatics.corp","dvSwitch-NBIQ_iSCSI","vmnic1","00:22:19:06:48:e6"
"nbiq-vs02.fanatics.corp","dvSwitch-NBIQ_iSCSI","vmnic3","00:17:08:7d:71:e9"
"nbiq-vs02.fanatics.corp","dvSwitch-NBIQ-Trunk","vmnic0","00:22:19:06:48:e4"
"nbiq-vs02.fanatics.corp","dvSwitch-NBIQ-Trunk","vmnic2","00:17:08:7d:71:e8"
"ord-vs01.ff.p10","dvSwitch-ORD-CNA-Trunk","vmnic6","00:0e:1e:0e:04:70"
"ord-vs01.ff.p10","dvSwitch-ORD-CNA-Trunk","vmnic7","00:0e:1e:0e:04:74"
"ord-vs01.ff.p10","dvSwitch-ORD-CNA-Trunk","vmnic4","00:0e:1e:0c:db:10"
"ord-vs01.ff.p10","dvSwitch-ORD-CNA-Trunk","vmnic5","00:0e:1e:0c:db:14"
"ord-vs02.ff.p10","dvSwitch-ORD-CNA-Trunk","vmnic4","00:0e:1e:0d:1a:28"
"ord-vs02.ff.p10","dvSwitch-ORD-CNA-Trunk","vmnic7","00:0e:1e:0e:0e:b4"
"ord-vs02.ff.p10","dvSwitch-ORD-CNA-Trunk","vmnic5","00:0e:1e:0d:1a:2c"
"ord-vs02.ff.p10","dvSwitch-ORD-CNA-Trunk","vmnic6","00:0e:1e:0e:0e:b0"
"ord-vs03.ff.p10","dvSwitch-ORD-CNA-Trunk","vmnic5","00:0e:1e:0c:db:0c"
"ord-vs03.ff.p10","dvSwitch-ORD-CNA-Trunk","vmnic7","00:0e:1e:0b:d3:0c"
"ord-vs03.ff.p10","dvSwitch-ORD-CNA-Trunk","vmnic6","00:0e:1e:0b:d3:08"
"ord-vs03.ff.p10","dvSwitch-ORD-CNA-Trunk","vmnic4","00:0e:1e:0c:db:08"
"ord-vs04.ff.p10","dvSwitch-ORD-CNA-Trunk","vmnic6","00:0e:1e:0e:04:68"
"ord-vs04.ff.p10","dvSwitch-ORD-CNA-Trunk","vmnic5","00:0e:1e:0c:db:2c"
"ord-vs04.ff.p10","dvSwitch-ORD-CNA-Trunk","vmnic4","00:0e:1e:0c:db:28"
"ord-vs04.ff.p10","dvSwitch-ORD-CNA-Trunk","vmnic7","00:0e:1e:0e:04:6c"
"ord-vs05.ff.p10","dvSwitch-ORD-CNA-Trunk","vmnic6","00:0e:1e:0e:04:78"
"ord-vs05.ff.p10","dvSwitch-ORD-CNA-Trunk","vmnic5","00:0e:1e:0e:0e:54"
"ord-vs05.ff.p10","dvSwitch-ORD-CNA-Trunk","vmnic4","00:0e:1e:0e:0e:50"
"ord-vs05.ff.p10","dvSwitch-ORD-CNA-Trunk","vmnic7","00:0e:1e:0e:04:7c"
"ord-vs06.ff.p10","dvSwitch-ORD-CNA-Trunk","vmnic4","00:0e:1e:0c:dd:38"
"ord-vs06.ff.p10","dvSwitch-ORD-CNA-Trunk","vmnic6","00:0e:1e:33:0d:38"
"ord-vs06.ff.p10","dvSwitch-ORD-CNA-Trunk","vmnic5","00:0e:1e:0c:dd:3c"
"ord-vs06.ff.p10","dvSwitch-ORD-CNA-Trunk","vmnic7","00:0e:1e:33:0d:3c"
"ord-vs07.ff.p10","dvSwitch-ORD-CNA-Trunk","vmnic5","00:0e:1e:33:12:a4"
"ord-vs07.ff.p10","dvSwitch-ORD-CNA-Trunk","vmnic4","00:0e:1e:33:12:a0"
"ord-vs07.ff.p10","dvSwitch-ORD-CNA-Trunk","vmnic7","00:0e:1e:33:0c:04"
"ord-vs07.ff.p10","dvSwitch-ORD-CNA-Trunk","vmnic6","00:0e:1e:33:0c:00"
"ord-vs08.ff.p10","dvSwitch-ORD-CNA-Trunk","vmnic6","00:0e:1e:33:12:c0"
"ord-vs08.ff.p10","dvSwitch-ORD-CNA-Trunk","vmnic5","00:0e:1e:33:0b:fc"
"ord-vs08.ff.p10","dvSwitch-ORD-CNA-Trunk","vmnic7","00:0e:1e:33:12:c4"
"ord-vs08.ff.p10","dvSwitch-ORD-CNA-Trunk","vmnic4","00:0e:1e:33:0b:f8"
"ord-vs09.ff.p10","dvSwitch-ORD-CNA-Trunk","vmnic5","00:0e:1e:0c:db:8c"
"ord-vs09.ff.p10","dvSwitch-ORD-CNA-Trunk","vmnic7","00:0e:1e:33:0d:74"
"ord-vs09.ff.p10","dvSwitch-ORD-CNA-Trunk","vmnic6","00:0e:1e:33:0d:70"
"ord-vs09.ff.p10","dvSwitch-ORD-CNA-Trunk","vmnic4","00:0e:1e:0c:db:88"
"ord-vs10.ff.p10","dvSwitch-ORD-CNA-Trunk","vmnic6","00:0e:1e:33:0f:80"
"ord-vs10.ff.p10","dvSwitch-ORD-CNA-Trunk","vmnic7","00:0e:1e:33:0f:84"
"ord-vs10.ff.p10","dvSwitch-ORD-CNA-Trunk","vmnic5","00:0e:1e:32:1f:0c"
"ord-vs10.ff.p10","dvSwitch-ORD-CNA-Trunk","vmnic4","00:0e:1e:32:1f:08"
"ord-vs11.ff.p10","dvSwitch-ORD-CNA-Trunk","vmnic5","00:0e:1e:32:1f:3c"
"ord-vs11.ff.p10","dvSwitch-ORD-CNA-Trunk","vmnic4","00:0e:1e:32:1f:38"
"ord-vs11.ff.p10","dvSwitch-ORD-CNA-Trunk","vmnic7","00:0e:1e:32:1e:f4"
"ord-vs11.ff.p10","dvSwitch-ORD-CNA-Trunk","vmnic6","00:0e:1e:32:1e:f0"
"ord-vs12.ff.p10","dvSwitch-ORD-CNA-Trunk","vmnic5","00:0e:1e:0b:f0:64"
"ord-vs12.ff.p10","dvSwitch-ORD-CNA-Trunk","vmnic7","00:0e:1e:33:0d:84"
"ord-vs12.ff.p10","dvSwitch-ORD-CNA-Trunk","vmnic4","00:0e:1e:0b:f0:60"
"ord-vs12.ff.p10","dvSwitch-ORD-CNA-Trunk","vmnic6","00:0e:1e:33:0d:80"
"ord-vs13.ff.p10","dvSwitch-ORD-CNA-Trunk","vmnic7","00:0e:1e:33:12:b4"
"ord-vs13.ff.p10","dvSwitch-ORD-CNA-Trunk","vmnic6","00:0e:1e:33:12:b0"
"ord-vs13.ff.p10","dvSwitch-ORD-CNA-Trunk","vmnic5","00:0e:1e:0c:de:1c"
"ord-vs13.ff.p10","dvSwitch-ORD-CNA-Trunk","vmnic4","00:0e:1e:0c:de:18"
"ord-vs14.ff.p10","dvSwitch-ORD-CNA-Trunk","vmnic5","00:0e:1e:0b:f0:84"
"ord-vs14.ff.p10","dvSwitch-ORD-CNA-Trunk","vmnic6","00:0e:1e:32:1e:e8"
"ord-vs14.ff.p10","dvSwitch-ORD-CNA-Trunk","vmnic4","00:0e:1e:0b:f0:80"
"ord-vs14.ff.p10","dvSwitch-ORD-CNA-Trunk","vmnic7","00:0e:1e:32:1e:ec"
"ord-vs15.ff.p10","dvSwitch-ORD-CNA-Trunk","vmnic5","00:0e:1e:33:15:a4"
"ord-vs15.ff.p10","dvSwitch-ORD-CNA-Trunk","vmnic4","00:0e:1e:33:15:a0"
"ord-vs15.ff.p10","dvSwitch-ORD-CNA-Trunk","vmnic7","00:0e:1e:32:1f:04"
"ord-vs15.ff.p10","dvSwitch-ORD-CNA-Trunk","vmnic6","00:0e:1e:32:1f:00"
"ord-vs16.ff.p10","dvSwitch-ORD-CNA-Trunk","vmnic7","00:0e:1e:06:eb:b4"
"ord-vs16.ff.p10","dvSwitch-ORD-CNA-Trunk","vmnic4","00:0e:1e:31:ac:f8"
"ord-vs16.ff.p10","dvSwitch-ORD-CNA-Trunk","vmnic6","00:0e:1e:06:eb:b0"
"ord-vs16.ff.p10","dvSwitch-ORD-CNA-Trunk","vmnic5","00:0e:1e:31:ac:fc"
"ord-vs17.ff.p10","dvSwitch-ORD-CNA-Trunk","vmnic4","00:0e:1e:33:15:b0"
"ord-vs17.ff.p10","dvSwitch-ORD-CNA-Trunk","vmnic5","00:0e:1e:33:15:b4"
"ord-vs17.ff.p10","dvSwitch-ORD-CNA-Trunk","vmnic7","00:0e:1e:33:12:bc"
"ord-vs17.ff.p10","dvSwitch-ORD-CNA-Trunk","vmnic6","00:0e:1e:33:12:b8"
"ord-vs18.ff.p10","dvSwitch-ORD-CNA-Trunk","vmnic4","00:0e:1e:33:12:a8"
"ord-vs18.ff.p10","dvSwitch-ORD-CNA-Trunk","vmnic5","00:0e:1e:33:12:ac"
"ord-vs18.ff.p10","dvSwitch-ORD-CNA-Trunk","vmnic6","00:0e:1e:33:15:a8"
"ord-vs18.ff.p10","dvSwitch-ORD-CNA-Trunk","vmnic7","00:0e:1e:33:15:ac"
"sfcq-vs01.fanatics.corp","dvSwitch-SFCQ_iSCSI","vmnic1","68:05:ca:1e:b4:eb"
"sfcq-vs01.fanatics.corp","dvSwitch-SFCQ_iSCSI","vmnic5","c8:1f:66:d9:d0:5e"
"sfcq-vs01.fanatics.corp","dvSwitch-SFCQ-Trunk","vmnic0","68:05:ca:1e:b4:ea"
"sfcq-vs01.fanatics.corp","dvSwitch-SFCQ-Trunk","vmnic4","c8:1f:66:d9:d0:5c"
"sfcq-vs02.fanatics.corp","dvSwitch-SFCQ-Trunk","vmnic0","68:05:ca:1e:cb:98"
"sfcq-vs02.fanatics.corp","dvSwitch-SFCQ-Trunk","vmnic4","c8:1f:66:d9:de:b9"
"sfcq-vs02.fanatics.corp","dvSwitch-SFCQ_iSCSI","vmnic1","68:05:ca:1e:cb:99"
"sfcq-vs02.fanatics.corp","dvSwitch-SFCQ_iSCSI","vmnic5","c8:1f:66:d9:de:bb"
"sufw-vs01.fanatics.corp","dvSwitch-SUFW_iSCSI","vmnic3","c8:1f:66:d9:f8:24"
"sufw-vs01.fanatics.corp","dvSwitch-SUFW_iSCSI","vmnic5","68:05:ca:1e:c5:d9"
"sufw-vs01.fanatics.corp","dvSwitch-SUFW-Trunk","vmnic2","c8:1f:66:d9:f8:22"
"sufw-vs01.fanatics.corp","dvSwitch-SUFW-Trunk","vmnic4","68:05:ca:1e:c5:d8"
"sufw-vs02.fanatics.corp","dvSwitch-SUFW-Trunk","vmnic2","c8:1f:66:d9:ee:8a"
"sufw-vs02.fanatics.corp","dvSwitch-SUFW_iSCSI","vmnic5","68:05:ca:1e:c6:c3"
"sufw-vs02.fanatics.corp","dvSwitch-SUFW-Trunk","vmnic4","68:05:ca:1e:c6:c2"
"sufw-vs02.fanatics.corp","dvSwitch-SUFW_iSCSI","vmnic3","c8:1f:66:d9:ee:8c"
"sufw-vs03.fanatics.corp","dvSwitch-SUFW-Trunk","vmnic4","68:05:ca:1e:c8:f2"
"sufw-vs03.fanatics.corp","dvSwitch-SUFW_iSCSI","vmnic3","c8:1f:66:d9:d0:c4"
"sufw-vs03.fanatics.corp","dvSwitch-SUFW-Trunk","vmnic2","c8:1f:66:d9:d0:c2"
"sufw-vs03.fanatics.corp","dvSwitch-SUFW_iSCSI","vmnic5","68:05:ca:1e:c8:f3"
